Feature_1,Feature_2,Feature_3,Feature_4,Feature_5,Feature_6,Feature_7,Feature_8,Feature_9,Feature_10,Target
-0.7725566285099937,3.2758892642697175,0.4492400253306008,-0.30614291553813566,2.4058866626758033,-2.6827039777316397,-0.38934739238007443,1.8085751961131935,-0.636899067049514,1.2472340700485542,0
0.34919793526172066,3.0140653007233813,2.121860644062912,-0.819211544185518,0.32212576393081926,1.0103183733113907,-0.9895167668565534,1.8079209407305294,-0.2770702471816438,0.4716658737550688,1
0.2827153389699739,-1.2675374922657743,3.1525266400061183,-0.09342261663485807,-0.7452737402202082,-2.0347693315936,1.5969064558076205,-0.8646491676488264,-0.6943879515898506,-1.6680701244107006,0
-1.85128557897264,0.9418969617235399,0.4388045243421926,-0.11360508501700178,3.1332464107689217,-2.633812225037132,2.4862045544523528,1.8768849659132039,0.9128228749205219,-1.8884287065937473,0
-2.038053307559385,2.8346876259450884,-2.671631694349045,0.9684687520367787,-2.8358977729577903,2.893447958172105,-2.487471923843489,0.41864852256959795,-0.8365239598737296,-0.04662673929627492,0
-1.3762168105954338,0.44207519348630464,-2.254160158401229,-1.8496695778367978,0.47311982006042896,1.8285456673355327,0.9996145566298543,-0.21042014911510898,0.9657797013929648,4.505348895912597,0
-2.9258988330709372,-0.40827724761780626,-2.3217752877215796,-1.5136760981523083,5.003439243577723,1.353252638599356,-4.574810897071618,-1.0968941936717216,-1.3561128445449067,-1.9428098235438287,1
1.435395907433922,-0.5002232003876063,-3.107688838970397,-0.4158271493656181,-1.3651596240122656,-0.17834981156052987,0.6452106179850478,2.739213608880995,0.6404006009622689,0.12796205526720605,0
-2.5963025966711437,8.103375345649603,2.3433341061702015,0.6703677951396014,-0.43749462883417123,-2.586243219828218,-1.7023563759564313,-1.9425935486794361,-0.34221498156949737,-0.6518571492086594,0
-0.8230546649009652,2.224357980155321,-0.6308875569241827,0.32421202994767184,-0.047432176888676236,1.7031792334926443,0.5140099380388998,0.4066952137421196,-2.2107010989763456,2.208178831625597,0
-0.5952663153925213,0.5588791104605597,0.9579122466856391,1.0935170594510422,1.8763592977148515,4.096072469274041,-3.350322820132266,0.7531301030247706,1.1443423217926667,-2.696893379786799,1
0.3261273646077928,2.2606202514895597,-1.3580832232098285,-1.5591781921255592,2.3854511232490867,-0.464258243372611,1.2027252521481495,-1.6650690311060186,-0.7276950096204282,-1.1291848994102731,1
5.738784211119785,3.2614223544527694,-6.2726152352549995,-1.6749822451336793,-0.9039067347434117,2.6026780490691768,-7.330628424292231,1.3894113940756354,0.08157205756125296,-2.7622760676525115,1
-0.8026260898049103,1.4297112724529417,-0.7000068983456127,-0.3456779074421248,2.380696768441564,-0.04885741812446809,-2.738461597898196,-1.865994009264925,0.43776968992983434,-0.6006892660553848,1
-3.3601348264615942,2.5923487046974234,1.1761610225120775,-2.0108094156095184,-1.2858586948815731,0.8996520228530104,-1.7160666596381564,0.718308677637878,-0.7485084531532892,1.7847037579585743,0
-4.115211279098965,1.0953055049346945,4.511668990840887,0.056999484330277156,5.265438519506754,3.1692356629297227,0.12211731533822523,0.3572700197852001,1.2900355313837584,-2.923755170407165,1
-1.990210453235068,-0.6358895270338403,0.33474791548497074,-0.3673723020812847,-0.5883662418630385,-1.4479533152108968,1.3436389026577809,0.019653218791902016,0.27994405434264247,1.5965283291133043,1
0.7313353898438386,-0.9526930365670206,0.07731056376753387,1.4060433115711979,-4.006286421907728,-1.9868356338063118,-3.62392692077852,-0.2774809722072643,-0.5915974373886014,-1.6086876295215091,1
1.0206102653331994,2.8524768097488726,-0.4270739389159128,0.7967880143698713,0.03822908302227798,-1.4695555098222692,-0.6080437854285499,-2.209021939979115,-0.30100810250252474,-1.321732105545644,1
2.251099817759668,-0.006432485194301701,2.3939611907398133,1.994460934317119,0.8875427031483198,-3.708546082581718,-0.2649714204966841,-1.5210096733866811,0.025118276022029415,-3.544705259763851,0
-1.1121249368885375,3.5063962626002443,4.080576938069435,-0.5097787658876574,4.394748859777116,2.5993230168037487,-0.15922689432262893,2.0520494133435774,0.024974052220971377,-1.8058386548396856,1
-3.5336196290501753,2.7464460561721555,1.361649044213542,0.9356644971961618,-3.0510159165424353,-0.7941800776669764,-2.6081358001242365,-1.2769190094261043,1.0376281848236737,-1.8673248752973846,0
1.4068359637335717,-1.8638877076947389,1.1214077726427174,0.3746967270868674,-0.8409794527510708,2.7925647823013566,1.1541652988516082,4.450495619719,0.8203903308544136,1.7951550281736735,0
-0.269865168411318,1.0822594008227835,-0.8661273913475134,1.5582057157902005,-2.4465515192623153,0.8406473023123698,-5.108865119810893,-0.1496876605561815,-0.35349463326145436,-0.1906369700322477,0
1.0241056312053765,2.5660119445168004,-3.678124317150767,-2.0409482765663123,-1.6696386361499305,-0.048852886379192856,-1.5497280767098576,3.3177334113929398,0.9726368838927459,-0.209092476723939,1
-0.3042053807997367,-0.016885116343810846,-1.425277844124946,-0.9525911554701024,-2.1521432533471265,-0.8886176797048485,0.8343561702366062,0.4610531040747145,-2.121021269368491,-0.21432929491420638,0
-1.4486988778854093,1.0197069447672256,-2.7221130155070323,1.2858574420535496,4.618541984960027,0.6296448870413653,-2.5448233442440684,-2.379551367599619,0.585401934559898,-3.1365984371741114,1
-0.060860899705186176,2.9615395291476725,0.5087928408327316,-1.0079288115400564,-0.3681215033655476,0.12420608571579939,-2.0713104062225254,0.4494261822960105,-0.326682710222442,0.3537196266524679,0
-1.4126062730840798,-0.8210717761266515,-0.6088434869131785,0.2263435312952627,-0.8274016651759777,-1.8847124287171375,-2.326802922875376,-1.0725576806707684,1.0261046739738477,-1.027389172938284,1
0.32902046696855985,-0.6613801303330507,-1.498916968451406,0.9367033576458854,1.2621549211770957,-0.4661146908405575,-2.5267279526778714,-2.277974627699101,0.9340278463604854,-1.39417700756311,1
1.483377986114455,-0.7808090027026258,1.8859968465870391,0.5797937426749312,-0.1354742186550988,-1.2296515227594795,0.821223632954226,2.3705490203039448,0.4633881789487889,-0.08444835525999317,0
-4.405092998908408,2.3948074847465475,1.2184020212085658,1.9471510077264402,3.763607640681192,1.7769386785924437,3.9036453043518557,0.921843368729314,0.6120433476842146,-1.217507310038787,0
-2.1099813826698735,0.7151650716614459,0.19097478389397388,-0.8911049660463572,2.4893900389826724,3.2580553827496557,-0.3754579175515253,2.4335839755429394,-1.2472394099255575,-1.500307317905513,1
-2.2063486733449134,-0.8670564325866381,0.8663945120152013,0.9307672093081877,1.0481504115304558,-1.0141684230876498,-1.9114028984560207,2.7162055442317454,0.11651228820354487,2.02083185389876,0
1.4781879730818037,-0.13456817928153034,-0.7286825743075711,-0.4407384075751226,-0.865465590915113,-0.8992097957691733,1.1603333365061421,-1.6451345188875948,0.17672329790110192,-1.0588522748990035,1
-0.9339504640334166,3.0883074312110166,-2.1624178547431803,-0.7086761956781081,2.312221109844591,-0.981695365666987,-2.292801260316619,-1.4751225785338316,-0.04167821359072593,-1.3686289367553344,1
4.61749340047897,2.4433234310547145,1.1963681171079992,0.369253896965321,0.876907505603354,-0.3595017768305517,-1.772295712292718,-0.5653834874288236,-1.640852895188106,-0.18113237958449424,1
0.0301651357422538,3.386157690094136,1.7529381998836306,1.8989710195216538,1.0786436966221102,-1.9270696071466664,0.4378117409606084,1.034151373049121,1.3210432651536592,2.2988826126598036,0
1.1815570252053733,1.9150049876763853,1.6119055159068707,0.9918401787127022,-1.0340883659583338,-0.49616181366723944,-3.139550518620104,2.1317255558631083,2.7294415063334503,-0.5563691841779212,0
0.08092032820265072,1.841590483426057,-2.0875962056329302,0.0729338186230345,1.1535882302873308,2.1665865302905645,-2.548156704554751,1.453929662227981,0.31899447583212787,-1.5050951331514775,1
1.3546537055651668,-0.40017729007897473,-0.43463366055489094,0.9979800827375107,1.4606214932284856,2.345634038290408,-3.866592113564974,-0.5155223728676372,2.214518971294409,-2.7626669447812775,1
-4.691598228749279,1.4730126353913806,2.565134358246066,1.7454070859575608,0.6095915307950079,-0.5768324714844967,0.09946229747341649,3.624228444907413,-1.2271465303655538,-2.6546332931269414,1
2.197267647468835,1.499746539801208,-2.004949111540894,0.3227264973629422,1.9362580654402624,0.1609075115452093,-2.7581847464588516,-1.8209494057912878,-1.230664597032927,-0.5526400554195519,1
-1.2519223353377473,0.17974649198994996,2.165886951898989,-0.7505741301384599,3.748740595926996,1.656211848472962,0.17498965338196126,-0.6224684608459587,-1.3531303593974007,0.8174021834274996,1
1.396405305098433,-0.6923137693039249,-0.1963391263598382,-0.23235206342054926,-0.14828909079957128,-4.157099415170518,0.6478602572775591,-0.710323577272236,-0.12052188014250986,-3.6379316759197677,0
-1.7415154157074737,0.30091582101728853,2.2996648149872794,-0.045411018661721925,1.216314863235762,-0.21753159037628556,0.4170691795340947,-0.9568907358728695,0.050050518649184195,0.5402875843185365,1
-0.7213419226013095,-1.3109268690224734,1.673467373002696,0.6928348710324091,-1.8199571583018024,-2.25019133241532,3.5505929591588687,-0.36487317424814025,-0.7597787134283172,3.0705827292311474,1
-2.3722728653369547,0.74722421867439,-0.8208359865663574,0.06753568710564944,3.386467672845978,-1.0745339541094927,1.2495500415029355,2.6635264170304165,-0.21970948024015435,-0.7057809513721433,0
-3.5199110523205475,-1.693986091664371,-0.6416751532878447,2.471547752530314,0.1566685088669308,-1.4186470279464496,-3.3886719576578708,-0.0804402182603779,-0.13217074287210662,-1.0612355719908984,1
0.629674055546943,0.979485794479805,0.3830277127036177,0.5006043799547567,-0.07504964612824272,1.2049932284389648,-2.3393381323613998,0.3651372317849174,0.37462967828835936,-0.4616022565597859,1
-0.15882194747009637,2.063910568389905,1.2176322706742457,0.37378770724518534,-1.3202977537086378,-1.7591433190668961,-0.8352247157109609,-0.24737856683371526,-0.051052634070499966,-1.096261680465858,0
-2.844061245168633,-0.9023343229876071,4.233381725140604,-0.20819142269746735,0.6636643239146659,1.0051678845509242,0.12051957683771852,-2.851103128638204,-0.14165366662782558,0.7048352699400723,1
1.6948446645324962,3.332314896057019,1.5305784086463974,-0.9349743239709393,-2.452586315629163,-1.3489118014158548,-4.787967643340102,-1.0786949057667812,-1.522281804482847,0.421866007169714,0
-0.6282388177959118,1.1493080228447154,-1.7556948290333263,-0.2982188130080307,3.231899854177628,0.16461442764532902,-1.4431665235616862,-0.060613666340979644,-0.3478939724335546,0.8121304145342084,1
-0.852743509676348,5.568661717123681,1.989618800510426,0.7842009756479507,3.9240159052944703,2.323443115247325,-2.3851816864826008,3.844910405083916,2.186017319473041,-2.5221676914766387,1
-2.5521215471833787,1.5769230386304316,1.9129704028781336,1.564963215993175,-0.7295514553019389,-0.5990490800240525,0.32092731895317583,3.5133345837495495,-0.06729699375860476,-1.6415321884370324,1
-0.336425963014027,0.20818339097998861,-5.002224431762914,0.03259928513303895,-1.9452630087430745,5.171004865362259,-1.1617628621614213,1.6219573152540205,0.4182859882969464,0.07475372399568907,0
-1.9769286255497878,1.8711754023105063,0.13234828764404766,1.076213072003332,-1.1277860524624468,-1.5901108717853774,-1.2156657977645984,-0.8547869691206136,-1.5374442557457038,-0.9323661464826922,1
-0.6319321552780369,-2.2361658765912824,-3.139168544982872,-0.5384257424958859,-1.6177675821474333,4.127608100172038,-3.96658915685219,2.521987176166642,-1.6597219041023032,0.996148351444092,0
0.20727763372888286,-0.8998388671835175,-0.46528277648197247,0.16691606418720803,0.5660962346831281,-4.004328083444362,-0.6182572442805199,1.0945119000326504,-0.915144030509256,-2.33145689646173,0
-3.623140944182455,2.4185721819179284,0.6519166104584886,1.079089489593659,3.7771539457890073,-2.4373233150516675,1.9426877954027826,0.22537083956385334,-1.6563699294635779,-0.5696515831722591,0
-0.9186958804696668,0.7475488173168239,-0.2701918058274506,-0.055383158263265064,-1.5129043493782977,-1.2748235299498758,-0.1579624481142246,-0.7303624087778477,-1.2657946107842246,-1.0504419999021057,1
0.19747023631146388,0.49922882584259104,0.16440747893665142,0.4751300572951047,4.166000911830007,4.979064685659023,-2.161025012957735,-0.7902010253259151,0.8527537997287558,-1.509846409622559,1
-1.784364271723242,-2.6538130235716175,-5.585105494971186,-2.4967393328387004,-1.3155783874910385,2.96095961654781,-2.4286565795969794,0.36268517680793433,0.687899922322456,3.6638789517378147,0
-0.3911018813978245,1.5058118932676157,3.142015717748413,-0.6460514480539441,-0.520511852305326,-3.8986949469706382,0.3601951430940286,-1.0776895297844111,-1.0058551629932124,-0.417485577625307,0
1.5265963785033705,3.7866912524639846,-1.1171867858420463,-1.3937718566654453,-1.3437773748059223,-0.8161520951497693,-1.0858912573905002,1.2479786161998623,0.6417062625218299,-1.33505705887524,0
-3.0354956508801005,2.831662015794893,5.425459859477056,1.1359250082476646,4.862155961182965,1.2117931821222303,0.34852901759277655,0.3659862519480277,0.05852203595746586,-0.9715305204897066,1
3.298236695866574,2.6609556759278075,-2.023909911237196,-1.5623111322716152,-0.5398305143501965,-0.46509982020938545,-0.8401938368692818,2.4889555819205893,-0.4128150245079489,-0.1902628625362658,1
-3.4236590590291,0.1372366995553665,-1.1277285121256222,-0.3274475303535055,-0.24048711292213232,-2.4638234120174554,0.5351599786195002,-1.2691123741658754,0.5987095252251855,-2.8821335705988744,0
-1.092317324564044,2.8462185692703033,-3.496644907902324,-0.557184489917642,-2.401878314374378,2.09635073932167,1.533145884443606,-0.5389728113595169,0.8918915611052277,-0.7372353700829151,0
1.1815302800156284,1.8319668928653532,-3.1985630498333886,0.6519781272546724,-1.1009015705248664,0.3220172123249873,-3.0378808622142426,-0.3753518223371556,1.9833614221251397,-2.8738345686142734,0
-0.25098281243859655,-1.024766964241324,0.8169785161948558,-1.9017378888699439,0.33671699747277256,2.410737189573415,2.5242343698529432,4.33587676986316,-1.633057781052241,-0.8758402808466133,0
-4.053304919998318,2.5686185168766067,-0.46719952080762106,-0.3824759436592392,1.559209884110039,-2.19070894595398,0.08521301769389278,0.28725618572726563,-1.2278664253762912,0.08374143752625951,1
-0.29437647186495575,0.24953553248823368,1.3424368166300074,-0.5171398038083386,-0.5570709201776275,-3.8161350453957352,0.604066882470291,-1.0785899759531508,-2.134033415402267,-2.098436477062036,0
-1.2459595960124037,2.306653084172825,-1.1370263915352457,-0.7035255151239588,1.0759021173350418,-1.205587317034312,-1.3380099419422598,-0.49631456254841344,-1.671144308747976,-0.4373289507677157,1
-1.0401382346974142,0.8400703331015834,-1.4805277715247434,1.8681290507125017,0.8256401859196617,-0.5240822792426,-0.28986951342306194,-1.882445422704814,1.3969794726503695,-4.3518981381960975,1
-1.823363483695308,0.9274255379443208,2.2797207698035202,-0.7216514745260354,-2.6329566716294264,-2.618624060690775,1.3958617930593222,-0.0534018628798697,0.24976271439425907,1.206390344666275,1
-0.27974541945984854,1.8269358310177746,-1.5034068599427748,-1.6197537782611167,-0.663848240535682,-0.40270383525411424,0.43549032087960043,0.6258936402352766,-1.1583233295375368,-0.24341304215672116,0
-0.37573299908545904,2.268641372992337,3.478610463914273,0.04458773518361969,-0.8262140842439281,-2.0201764260659614,0.7625971416740174,-3.101310820134815,1.802009209036906,-2.54554915407442,0
-1.8000193220195642,1.7606906819311985,2.4855556846330917,-1.0222442828410037,0.06745132246792684,-0.8447401023593296,2.039714753217298,1.6681378913370104,-0.5404539977843116,2.8909400978093727,0
-3.247378744704406,1.1127143830448187,-1.4945108764655284,-1.3571005206215587,0.2548288272599266,-0.7741982993902936,-0.602366340144963,4.633493974033565,0.7326904502510994,2.2168564059009634,0
-2.662938478670847,-0.8126077354861346,2.3051108023297417,-1.2788382504591005,1.8979644004877394,0.9066947155046634,1.3805851120468802,-1.3861125644170111,0.21406158127486696,0.9170550240720207,1
-4.617052479830983,-0.6599822550699468,-0.5506722233100131,0.44010520902312034,-2.2629986364753067,1.8540696176426654,-3.414690474512241,-0.1975323213833682,1.3352889069851632,2.686593225676396,0
-0.8688426938336227,1.0790372212856063,-1.741783487896741,0.2763096833071855,1.1766974227429792,-2.073410462723748,1.4806826454283053,-1.0100419065125241,1.1402600767387077,-2.958112758392776,1
-1.9400446374475857,0.2067778704221837,0.6504800375238062,0.7086194889400182,-0.16358583696960116,0.029318861321466327,-3.6797257827053325,-0.6365576052953226,0.14976695902697243,0.03181060551308135,1
-1.9889522362966945,0.8814746729829703,-0.285054052547321,0.7497160776339328,0.8803974391165215,-1.5543372583572115,0.7743476578928633,0.1935567666046356,-0.4746493833209469,-1.236160348724652,1
-1.6695840666772552,3.9309015119215,1.3089157401801426,-0.5696869624241742,0.6064237721882532,-0.0019525368368422669,1.0901953761122576,-2.2528207803618425,-1.0247343788536876,2.2334304283985738,1
1.9646613278763236,2.4997928932763416,0.8205499396316386,0.4658385366126341,1.7279817467880751,-0.7186796479947225,-0.690039199580642,2.8446548898896866,-0.06112356988273682,-0.3044244222177156,0
-1.7056897102776645,5.712536382437217,2.1174083160189827,-0.7596574538303622,0.8656870937652644,-0.6203944858594261,0.9722163007508099,-0.1383014053714921,1.6128034909119897,0.5099308552646582,0
-0.04144994598911852,2.824810987893448,-0.4478972104592934,2.035129736282689,-2.3894210006758687,1.3264541781480097,1.7891073065880942,-0.255086327077632,0.20520461910265198,1.1992233787102813,0
-0.5111742865492638,0.10694784187421802,0.20431449638511914,0.6315888195632008,1.711220553020579,0.4968190368119121,-0.3413945092359212,0.7445890117386248,-0.9259887960507783,0.3169792526398153,1
4.7423797107255545,-2.6390381510255767,3.6508569285478467,0.3608239742461615,-4.0502114167124885,-1.6709283187661543,-1.2881209545710448,0.4806118686850623,1.7904974583747597,-0.2910188406294956,0
-2.036523936861161,1.0131507736655143,2.6773742892417696,0.4371048773308343,0.7648687521709263,1.0337365649835002,0.6262718959320317,4.273796541470018,0.032548124253789834,-0.4569519879269824,1
-2.5107518095768264,1.2460627904223343,-2.77260544754504,0.6627668147128061,-4.665418347457153,2.924300614544377,-0.45070580158456486,-4.756624424611128,0.33067200228652865,0.7633585897379259,0
-3.1325056157767714,0.7575684951077597,-0.014202180883286841,-1.2351164112930224,0.4482619876274524,1.672062077123302,-1.319999783007828,-0.08692070448002509,-1.0961773895668911,3.6766384746687386,0
0.09113048411915023,0.40794292280068695,-1.0139846427845658,0.1057752840444043,0.2876446976359749,-1.9782358024470492,0.28034802266198006,-1.454548456183821,0.4965664767416588,-2.4423096886634474,1
-2.690260222742885,0.8941338650247452,-1.7393860267941221,0.9486902433394808,-0.8139118782309733,0.7082944289190898,-1.0218836852784643,2.350958722977657,1.4808445857245403,1.6274344194585135,0
-2.047394965684931,2.6384762661841337,3.0989199316972136,0.7258451757290219,2.5424969051519786,0.37434292961060506,1.1938759725469443,1.6885499178550867,-1.4814882536913254,-0.8445909588606803,1
-1.947002335226118,2.0239817453617657,4.345487468677169,0.8153744563728229,2.422530660417018,0.06319712074801687,-1.2392406059709122,1.040588161256357,-0.3754772851135724,-1.4010070418967486,1
-0.5323181019684392,0.13328462155013318,-0.5889064036103974,-1.205897067653281,-1.0799236426403764,0.952239310373833,0.19503641160958585,0.2549430291280061,0.10277893926659798,0.6856973480611164,0
0.540081091737887,-0.009805980332450281,0.5741169049741035,0.37145733349808585,-2.019440150001753,-2.1608330854900446,-0.25380165537875,0.9704855748717778,0.538377656978676,-3.9531669813595514,0
2.3558983459064797,2.4461729464895514,-2.5454274831390045,-1.1918358415634733,-0.9147449359256855,2.663108889873394,-4.244326783134046,3.5673213824610657,1.2532604136442247,-2.4336009933027793,1
1.3534424615784344,2.2830905948852918,0.9731893119164368,0.9861307488973957,0.9094203827155539,2.102695707783608,-1.3474304958472587,1.923560738083093,0.984215265821678,-1.2410273827028342,1
-1.8848340687640746,1.1874670680654589,-0.24733729573016,0.6886754805239205,-0.23484369430345264,-1.5850441871000853,-0.37165431828177,-0.8534335299422858,0.30393232955467564,-0.24760251151442758,1
-4.2946017234798335,0.23240445981646185,-2.596133838419786,-1.1097065784025544,4.909937616837319,-0.37923591622921454,-1.0561156740174118,-0.8192004458076277,1.2823262399768716,-1.4863306707980273,1
-2.3378256783119022,-3.5734162966276113,-2.0614765409446485,-0.27818452686940587,-1.52315673554138,0.6139695014006152,-3.6466253344586175,0.4057629701200708,1.0502882002789704,2.977232705392868,0
-3.6123138290553465,1.0914796727728366,5.717707365405863,0.5460036954811387,4.031573666943017,1.5266597802815174,-0.6213636112181983,0.7299842334176194,-1.5034791178200686,-2.4374796753666983,1
-1.9187663795329315,-0.9579369576992067,-1.278228996293254,1.1881961290276024,0.17099753124034223,1.0884280834781719,-4.368085623030267,0.6192407874771811,1.0324395642389335,1.637419277078598,0
0.10397798453847057,1.6193768273737776,-3.2397386190987403,-0.3385192474829254,-3.3318059450003474,0.8597787302193753,-2.2556312473324054,0.6412513742308799,-0.36695979639346954,-1.8029844709055558,0
-1.5804895387059852,0.3645737640015839,-0.39996024344975867,0.8846260010924795,0.029076236504645532,0.8462947830789938,1.9295383227317984,3.032258888219809,0.9126742972664956,3.6428278415713597,0
0.31602120619069857,2.6260702570402312,0.182520805393887,-3.2792383674061525,2.896540288802006,2.1380050376340334,-3.645606362116449,2.1303792194655164,-0.49272194981251194,-2.526575324150009,1
0.11457344010180659,1.2567263689927726,2.921265873214383,0.6941496498657478,-0.6905780873186684,-3.3314237869811922,0.30885224985670556,0.2463051888490413,0.06378488907169394,0.713169886586484,0
-3.6283825114433923,2.8406468256520787,-2.200076082722406,-0.6366176008446254,-0.3542983895157684,3.0961740423124144,-2.034681779348692,0.7736461802698922,1.1464899324099238,3.108691917128154,0
3.1019358688462697,3.2358735743924365,-1.5825972970829816,-0.979932794584922,0.7594355678228836,0.39302962810985437,-2.236644668113468,-3.2301063743900107,0.7002763275743356,-1.336359526679342,1
0.4082912463905635,2.9447455566034635,3.613694622270662,-0.55270466421697,1.9715981992552416,-2.2892570998731454,1.7989684127008398,1.2007867498678788,-0.5826741651491847,1.583391340535203,1
-1.1669271158512906,0.1786179205912296,-3.202990100801161,1.2028099692431558,-1.5690649225945357,2.9845955412938725,-2.646559034197392,2.2069202194441573,-1.7852317226899683,1.2175748006026024,0
-3.2068554102031346,1.6774409047490741,4.095688556900065,-1.7031200049867454,1.0470228516714697,-0.2612612387667336,0.3521013102649656,2.781453114321783,-1.9016814730628457,-1.4836701522734936,1
-0.17303945235708595,-0.42175637480530775,0.7771200837416968,0.19317611115423852,0.5350481989579214,1.427490587464244,-0.7235981249317097,-1.3823581846167676,-1.5000764140815077,-0.5145590592717633,1
-0.886160826389259,-0.48594924502734915,-0.48635588849322164,-0.39549097443658954,0.009313506682355421,1.0993772242317001,-0.032982682326496066,-0.31828738982288096,-1.3118925190779678,3.61813346130315,0
-0.5888483467951113,1.8105738426661446,2.3543059645040216,-0.5890731678519978,1.4220807181413317,-2.5686835368391154,-0.40789571596612356,-0.9541478148295308,-0.7993730883812535,-0.08579783923252118,0
-0.045632726455022254,0.08512401608128228,0.9410806048498844,-0.5326701649695675,1.7222279431350893,-2.7099733263614234,3.054464175279768,0.3421618675328775,-1.1640404095890677,-3.992679370306703,0
-2.4751509847327093,-2.7002499175803756,-2.5371928345000017,-0.7342985531711055,3.014310636388878,-0.692233871168257,-4.391850142748805,1.0807532835698084,0.9914545310359262,-2.6726706171757573,1
-1.691581614030153,1.0185465673913765,-0.21244158780782899,0.5775243367361564,1.4473081941708417,-0.10306929377826426,0.6469818759837254,-2.1426729263337663,-2.459638648957433,-0.740156453267851,1
-1.207747747944579,1.0677992465305253,-1.195728917265545,0.5875104430568263,2.8366590949615813,-0.06382028750851576,-1.5577753537667638,-2.123912326725801,0.2348324881043289,-2.5733524273747213,1
-2.6816461055289933,3.551508764963353,0.906200605420062,1.534106061493787,1.7964476250105756,-0.35896169998707517,2.309733300003489,-1.9212461042353464,-0.8300579453540851,-1.3827494717472326,1
-0.37553694182952646,-1.587146631070227,0.2291699974659428,-1.7788265403368944,0.7412191300933844,-1.7791023784127604,1.6539522724017208,1.3960550601180342,0.5825052014407449,-3.967405542117002,0
0.22698576961097716,1.7696767148699206,1.138290392248672,1.2463175852345296,3.096694562126244,3.525243152818106,-4.2801661688656925,0.34165013983907994,-0.4756594345691021,-3.0892605829497963,1
-0.16154185509143887,-1.7964932704706584,-1.3896321406021475,1.7439952698751955,-2.283237067773565,-3.147619974869147,-3.4407696678574853,1.3974838478615552,-1.0928403325189473,-3.830476547459373,1
-0.5447350452377405,0.03882712635622998,-0.6352968781689889,-0.36879856543710776,0.1006406585641186,0.06313671419511235,-2.725907695289395,-1.9129672026620366,-0.5228900486329132,0.4625615595513475,1
-2.540313490321753,0.9209209257264225,1.0596659727288158,-1.1297848713995562,1.9694470353344626,-0.7713449853609124,1.266218492071566,1.4907119287480044,0.339648082811296,2.073934116354045,0
-0.7487918945591572,0.7542203067608975,-0.42673322239968914,-0.555196237077552,-0.16685288937994908,-1.5143866790509426,-0.9587548951431621,-0.9042240196245618,1.1739166876551004,-1.8067388852012332,1
-1.8645249552160232,1.2587766599746613,1.3457564921519456,0.15783444158220672,3.704160477661898,-1.7858536531801776,4.00137167829327,2.051670389068926,-0.3030229802521962,-2.326795711093472,0
-2.0134234011802383,-1.9814253401276214,0.051071643512120374,1.3064897060357434,-0.3182198642234844,0.8961217640085805,0.49851206059039616,3.063511359967759,-0.1936785305450594,3.904987500533542,0
1.7694661249808536,0.5494708582646978,4.438900157624953,0.3422486257842151,-3.0055976847467747,0.23016104362927448,1.2674312311773046,-0.9893076172826538,1.8127205063151393,-0.15172842218462684,0
-1.2938392832993013,3.423473505683653,-0.9917248334421815,0.5781719346583865,2.1157319733582662,-0.8910027177113989,0.42988831376866543,-1.5923465669945112,0.9628285259360049,-0.5537290938207065,1
-2.8752683832698085,3.4191408575438853,-0.3527219634902184,-0.012074432837230378,1.9461163651812767,-0.13431807228979092,0.5323990077762006,-0.9158350027161232,1.4031387892338527,0.7976487227027831,1
-3.5186036299707557,-1.1993920686116324,-1.3396691325376073,-1.4674023194250305,1.5350152474929801,-1.246075818801829,-0.0891879665221692,-0.13674188895846828,-0.5992372971257025,-1.1306054414488669,1
-1.4189468316060758,-0.4415443108782051,3.5153998497294934,0.44401803225481906,-0.9072874017344974,-0.3412348339526726,-1.2723624557143474,0.9659802483929902,0.870631585740049,-1.8529085655087676,1
-0.2747263161399014,0.24382171166036276,-3.2231116931938377,-1.2768282694668702,4.469223198900707,1.370654416962253,-3.831084653129989,-1.5148889192753057,-0.9584465753075324,-1.6833687782775226,1
-0.0018428869781284551,2.048534124385288,-0.9387277274786088,2.000310160045798,-2.9287686584116077,-0.8034136989338919,-0.7649751344367766,0.4191533787504945,0.40762507615911764,0.29607586973507577,1
-3.5828258898130163,-2.0411522601243015,3.006982760263984,1.3598820805614555,-0.15028623859182227,0.10948848272539045,1.843025963267062,0.20585406241844317,0.4590603213615678,-0.7109241890974783,1
0.24127451725588445,-0.9027153569679777,-3.2511320149832454,0.3884646874622952,-2.183698354994873,0.2857465269936249,0.464099070711955,-0.04979661651683101,0.266347790686155,1.4878124411277605,1
-2.6503952822298253,0.5502511835952253,2.4518678971957475,0.3268086675989405,2.47194145778142,0.350767497132199,3.4088082980837586,0.8328597738365157,0.7586007135056171,0.09411589915893837,0
-1.535315190630673,1.9089535641543556,-1.0789804220848462,0.9714528816180872,1.7033606093554439,-0.5028332409309504,-3.8774478696897265,-1.2339943954887282,-0.16891915416844225,0.2486387685299456,1
1.6083474428460272,0.9540929098057189,-2.0646915146505074,-0.009999198413695232,-1.3246693679860082,-1.231418775502421,-2.7351735144830607,-1.2599782543874287,0.6864141799561007,-2.700969305120144,1
-2.282235507443015,-0.0044661168708479415,-0.8383389098516927,-0.27094020483213244,1.0935460782060116,-1.6700609050645023,-1.3907142857918313,-0.9853432221865412,-1.3492334361102185,-1.7685236070813006,1
-1.3936473857053586,0.2272887102711385,1.550457420374466,1.1069527824406138,-4.726727820873381,1.979625975075915,-5.919626998439533,0.7414716891876171,0.8620115924308707,0.7233788328830847,0
1.047542475659166,-0.5076959723608164,1.0361183985447653,0.6310067131008945,1.7910399673878152,-0.635631875330017,1.3917565271018169,0.722755912283551,-0.5202762076401071,-2.0578692152938123,0
-0.13532488218824024,1.1766796722889163,2.836429236740225,-0.7665737681901919,0.6601365560529213,-2.4942512202657428,1.4434850130432806,-0.2252722628111298,-0.3695223560633759,-0.42390448790733665,0
0.6655715665100814,3.2398486100080257,-3.0658920940428906,-1.2559209335886536,-0.2774991813214466,1.06880956981687,-0.23097712162850192,2.648615973536197,-0.10371906004936148,-1.8376296593719237,0
-3.227958259525442,1.537718196957623,4.372248186504793,1.3658036442956956,2.845457447923902,-0.9351427435812611,2.824037396412531,1.1912534365494265,-0.8326340337219966,0.46808905190377015,1
-0.8960150550073314,2.216803011468691,2.185623455232221,0.7882193626880184,0.21469554700986893,-1.9967146109499838,1.2308390455159577,-2.7377354517487875,0.40298492009528675,-3.0953727283816455,0
0.5656601602754179,2.594095669440824,-1.9965355103692743,1.9472709196691202,-0.9302731226064953,0.7586742546497949,-2.5940585361728736,2.507668422558594,-1.5713299403252061,-1.4067529435023673,1
-0.7325410780931946,0.6069195857756857,-0.9043735902724443,-1.0367351207716218,2.7967227153095804,-3.7932825030442463,1.325610855000872,0.9264499070226401,0.4454979178208427,-3.584577342414945,0
2.2442301341184923,1.7334691021913304,-1.2120473149453077,0.12357609311546564,2.760697794373954,0.49523275520172944,-1.552728351205815,-2.2352499954371594,2.199946133909876,1.326923744576918,1
-2.974273935853113,1.974490306583673,2.0082344121075217,1.62186969934888,2.4237657851285976,-2.16122433821199,2.1112136025959094,-1.2310514549002392,-0.2421438880230596,-1.8109246288078749,0
-0.44758955059839145,1.7938356713464318,-1.32494285152249,-0.7160698083133216,1.4587243792148643,-0.5768205007000577,-1.7441351515203323,-0.484558081159596,-0.06264181359442733,-0.3036975734962133,1
-1.460755362969358,2.206905658135118,1.3901112025971747,-1.580319355967019,2.8274324041637384,-2.3479208924957953,2.757334951918805,0.025202172336170947,0.17540078695009598,2.791682331709549,0
-0.3543476550993511,0.7415199083853374,0.6461683319562601,-2.2182120371878913,-5.462834536001937e-05,0.1638611797938321,1.0648466955436346,0.698874075103865,0.33131270156588816,1.511257227289172,1
-0.5054278910927413,3.894867418651894,5.096857102334897,-1.1143645522515204,2.644260003299145,0.43493508829779315,0.3483562625852247,2.9390723859390855,1.1385322069137684,-0.1678351729797508,1
-0.6112301644556044,0.30297227443539326,0.21223846851347616,-1.5960329835231533,-0.01887150157763337,-3.4207190174736413,-0.16384463518930759,1.9205914989595732,1.3308376533370307,-2.294668499847163,0
0.9381590484471338,2.265178422474278,-1.7798124842976435,-0.5554513803126615,-0.7713193627390507,1.1360546139262893,0.9095721023511945,2.966229119843435,-0.02075377815556409,-0.4604844135878141,0
-1.207717311249148,2.0516281269251273,-1.0521485814585885,0.38778857629902974,0.7596854753378917,-1.2973453476102135,-0.7243164713642575,-1.7150063395324562,-1.685198716989535,-1.4287420242438638,1
1.8743986593434567,4.350606835110503,-1.1234678163479201,0.3378956508780637,1.3618875634516745,1.4045907923538792,-2.7348044732675443,4.028943130499398,-0.15137001245073417,-2.7840299062418254,1
-2.4148731996592394,1.2714525740366367,-1.0674397499397368,-1.3496146799719146,1.2608365215440382,-1.09379865871035,-0.33335744875702916,-0.3133248429751285,-1.4242897980565745,-0.268431793088992,1
-2.3155253216225677,1.048828144117103,0.011617887626994339,-0.09253747881555424,1.0252351447284132,-2.473140002530153,1.4550711880531255,-0.3298244355750606,-0.0028545478765442667,-1.7665485282521955,0
-1.4504323609705134,1.3370733526118612,-3.867121326740687,-0.41228550799955066,-3.231313766099085,4.829964735146542,-1.8401095478735117,0.12450094118504695,2.234680005200164,0.12658601140473744,0
1.444846706542732,1.6995182282204755,2.604624777041178,-0.09131811824147244,-1.35308711565615,-1.569765799049487,0.23125918350585617,-3.4506234482297375,0.9736143242325932,-4.359391399949725,0
-1.1927938774026061,0.2297346176225822,-2.1340023922325035,-0.5985326007725837,-1.9459269026587425,1.7488814296503785,-0.37586662215374805,0.039014485292058504,-0.7792102582528646,-0.8513667455936272,0
1.8995056085275497,0.6697551688239459,3.741191144270992,-0.3372918324245036,-1.8168693611599924,-1.4872291968001967,1.599993801121493,-1.2200720788103867,-0.13065639562320785,-1.1006162735946603,0
-5.920930355244302,-4.748296620103002,4.123399946256368,1.1650220931940276,1.6508529519931785,1.924004413891635,1.9993368468748747,-0.6561733024047426,-0.5265633248129719,-1.025426410555346,1
-4.036504510986034,0.1975354326332121,0.043329189660661904,0.4635384966518493,1.6894569907183228,-1.2919057405164294,2.6691638273965244,-0.9111541102809132,-0.32520098988545115,-1.8572666349323113,1
-3.7238421814801095,1.9546858452036857,0.30465063590684255,-1.1320146194177068,-0.8009607940162486,-0.35923177829930514,0.4066521830390949,0.33294983385683796,-2.057160974297023,3.0963765656472346,0
-0.5417981049579156,0.2899053209405006,0.14875275441048003,-0.05503703146914174,1.7871208413463975,0.3913410236587531,1.4157598695447713,2.7703333055775152,-0.7546122124224163,5.6076256856110165,0
-2.159721273737485,0.5462760903516785,0.7278092916423576,1.0876235918094608,-1.4799000357193806,-2.435513399135825,-2.127867430610837,0.370621705823973,-0.5989725228206277,1.913297096560765,1
-2.3111458101398887,0.39044509638914016,-0.8835460439037782,-2.6380564884873974,1.053587396460229,2.163265517246087,2.2971527306011827,4.547921372687392,0.4949323556339628,-0.6904675091425929,0
1.9981907965773167,1.1943395920295439,2.4944189506092833,-0.909068783076339,-1.7991758639544977,-1.338244202360741,0.3587854112286214,0.8203463543904405,-0.1578794104098723,-0.945450642519392,0
-0.49409093443715724,-1.1952846827740868,0.3974848800190349,1.3822767475116362,1.8037407156049765,-2.294314020822305,-0.49865415001088714,2.610947823365705,1.190781248962571,-1.6972836153958166,0
-1.2722466899579472,1.5181325760293845,-1.875270420989461,-0.6185631789737266,-0.6611967813706974,2.589208466030757,-1.4408124261285502,0.9316619375284144,0.774178119345244,0.04786132384669034,0
-0.561274109967126,0.3448016126917749,1.7999571383653945,-1.2898737352287575,-0.049212756580102004,-1.0785683922150868,-0.5000591576800963,0.8081057515202918,1.1101562167613905,0.5833144182729645,0
-0.9716425930085674,2.29350957881583,-0.6416209644340128,-0.28374473403731615,0.2493354502389697,-0.23849484855458036,0.11611055336948395,3.560206068142627,-0.9729755002158602,0.31989621821861597,0
-2.523246675133468,-2.2062035750415783,-1.3593358043050339,1.3002392442395885,0.08039607329410906,-2.349393928547544,-4.415903340283523,1.298682626316134,0.7780477792837384,-1.4068356136042288,1
0.18511626950356064,1.8994891828027767,-1.831354833974197,0.5862911018407133,0.7689789723201834,2.0025875173469068,-1.5721885590707867,0.9582598458506153,-0.7625912559281565,-0.663979386575311,1
-0.6858173680180011,1.4242227992366057,0.31198915044831255,-0.27731038073366826,3.5952982079108353,-3.0400204129573103,1.3379573600408718,-1.3953837687817088,-0.28468360077835564,-4.024398020197021,0
-1.8733002921602593,3.4708316636333594,2.3670866229503815,-1.3345035015640563,1.9136708857245037,-0.1924551748330655,1.003382720741862,-1.7776050542292756,-0.6456572533012296,-1.0085016924413495,0
-4.119543260515687,1.9704722026208794,0.04249462846570795,1.5619948065782094,-1.0282159708738394,3.0207464390064542,-3.7906312248521097,0.4303658126468457,-2.3431356016744287,1.9581659646139413,0
-1.8762915381197365,0.9842482409310842,-0.5340265010749703,-0.13848760031499213,3.628235997062692,0.9095678291195723,-1.9227775974516292,-1.077881038199657,-0.4808608783017705,1.2848270510950615,1
-0.16634390267008964,0.5791061654079097,2.5307098038604185,-1.1898959060099168,-0.5135615009536926,1.8629281868270453,1.1496824080715806,0.0830733510791416,-2.0132025269490468,-0.6111893243222776,0
-2.5280019153396305,4.705835720459353,0.22440371938137316,1.3461698506590491,-0.7838883974489653,1.2935871627283038,-0.6282814942883784,0.3864461774497099,1.8016260829423794,1.20409075929873,0
1.2938243260467654,1.5588974318441755,-0.668539994835532,0.7360268727757884,1.119268570676835,-2.9564595061476826,-2.70852629836512,0.792556088242332,1.630908562143953,-1.9263635173818816,0
-0.6544944529665232,1.2581124319217154,-0.11055816842196997,-0.6598271316511359,-2.8457997798360064,0.2035722198597839,-2.247321119211092,3.326687357297744,0.09009946951279847,-1.000455235674282,1
-0.7766412992939226,3.0466007698521507,-1.219352830383142,-0.12282773116964141,2.1378249889795944,0.06400903264619834,-2.9193042199716324,-3.135026149194195,-0.5079441322603921,-1.3788300890852971,1
-2.984276235990862,0.9496855743166491,1.6825699213098553,-0.30070646227489,1.6162663681925051,-0.9418244891786491,0.8071127594145447,0.8001547086741674,0.8409707336836149,0.34826458886030615,1
-3.6516192232987663,-2.628843280165863,-0.2972521926026092,-0.41585850161709564,-0.5888568094139414,-2.031082728800743,-3.2577143466503236,1.2303806528026464,0.13589630461358698,-1.915320220051852,1
0.32365431772122205,3.0528792192679965,-0.5986407416776257,-1.8394053725702455,0.9538118770469239,2.297897470779367,-4.812719861683348,2.35787487399042,-0.48231863501664074,-3.5365875884043585,1
1.9479651914833473,1.2748010610487028,-0.2962097669366375,0.3087536888117972,0.5379782586324886,-3.254096730631663,-2.0785571935511533,0.571334933929823,0.5520663950345822,0.4968735493931848,0
-3.319704025931904,1.2707645250334936,2.6076467382194117,0.9738084670039797,2.333982942986714,-1.4727105869846822,2.6799524524415803,0.0007158631742725241,-1.8661877613755906,1.318500469507732,1
-4.5533025525908855,-1.1686484745149284,4.8417426744741165,-1.4838079320986737,0.03342618279401416,-1.018379108582668,2.4735822905038747,2.1583399544997826,0.41427361771865323,-0.6197173032623131,1
-4.663757459547016,-0.4433591796645934,-1.8923892727612888,1.3382326397858457,4.140907217726074,-0.010239506510053176,-3.9336893637782877,-0.5291284410695182,-0.5296030306358587,-1.0707624486862712,1
-2.902704778575459,1.6475492845853523,-1.2836609863326958,-0.7020281801125654,2.4762452142758273,-1.4422934618831473,-0.2106897613800992,0.11527057121969413,-0.8101880870870407,1.802659723243179,0
-1.5247844050193047,-0.3210104671605773,-0.5332441786480943,-1.2897971731697773,-0.17651146993368072,-1.9697602103204097,-3.429708606457131,-0.5538240136243976,0.7650339002517956,-1.5098236591249563,1
0.38490651434598566,4.417728917558886,-1.693575186273146,-0.4490302524789139,0.024584930858392168,0.42136396139307986,1.1136121137011452,1.5845652970448385,1.4793485509955702,0.12409378180673747,0
-3.1067305599434754,3.3604460105895964,0.1766264231143354,0.2025758265359236,0.17267108178973684,2.2617194572724837,0.2366922902327417,-0.10285872510807864,-0.7250993868434262,-0.7375461361438553,0
-4.503914881486537,-2.437682206140724,-0.3465337100963404,-2.496394694302428,-0.6404798153500527,-1.8895289465977885,-1.639523762299109,1.2082760126417125,1.3178124735037542,-0.6554864628157911,1
-2.0748309273511354,0.06579147056662493,0.0817099058117321,0.10730797797531468,-1.803291060507041,0.4725806039773282,-3.976738719109446,1.487764792482027,-0.6137152062255659,-0.04649898731075841,0
-2.234088032020891,0.5208601279530596,1.7482696174016317,-0.4832549148473212,-0.30184717260610816,2.8036530171179086,-6.013912481499063,2.874123005705519,0.30304293127812915,-6.02097539839262,1
-0.349874572946719,0.48913152096303814,-1.8309039628790464,-0.6308014583620527,-1.024255282551326,2.446656308507009,-4.214511636166759,1.5251387107585286,0.9664482440563441,-2.8584872665490386,1
-3.414531724049999,-4.200531658927951,-0.6793983041351958,-0.16552791691077448,-5.098132443168582,2.6154877703753345,-5.943388161443434,1.5975629045056472,-0.43444172100099676,2.6467360602111403,0
-0.5551033700762856,1.9375106710886865,-0.9245628424796837,-0.2181039279549337,0.2078157410138976,2.5608666393624504,-5.055301571228031,2.0340931031840284,-1.2563186436586977,-4.211638468599074,1
-0.0904550494301471,-1.1061104803466266,1.769900656710237,0.44267006409628706,2.824388915794799,-2.1599287165615224,0.3332379884657258,1.330305339120125,0.5444781592099945,0.18177527207722088,0
-3.356968789486949,2.3709848225960397,-1.5986324277752977,0.9243876859834178,-0.7085274519006532,0.8077031321927609,0.42143093737627746,1.1397167167358728,1.009888828675291,1.8094671992314124,0
-2.9497917298081617,-1.9333026476998325,-2.110446040026012,1.0526983302592825,-3.450856000520359,4.259044210655948,-4.768648852088984,1.9385953283099746,-0.6957616844943535,2.7307111659768992,0
0.5261644422964636,0.22722689378697622,-1.6416951443343235,-0.6850157082045778,0.3190807846587129,-1.870639592231767,-2.4154483710951924,2.5295825867839126,0.6365961585303167,-0.6354169033620015,0
-1.6511515009449929,2.207024050429742,-0.18776616062692586,-0.23892945835515644,1.6609070832995285,-0.4148121412787534,1.013766956225547,-1.3611152049613053,-0.7135660189420449,-0.5551083647392601,1
-1.5296071995164766,1.682451423000168,-0.19407636595245026,-0.2672316869364948,1.2125163814653435,2.9971329656768417,-2.3312814646603846,4.33707697866946,-0.9507421896340988,-2.07800646500103,1
-2.977572038416389,-0.9160853558755575,0.07777740569461733,1.612966918015482,-1.7242192759666966,-3.2004968925503356,-0.38933959450284983,0.9182417013468315,2.648478365189886,-1.32224631630615,1
-3.299532170945807,0.7883247485783456,-1.4264115761567204,-8.234664063672126e-05,4.845707807962015,-0.692639368745275,2.797215850996519,2.7490915685637316,2.189393445418665,-1.652076563747332,0
-2.4700413095922493,3.0153349830934135,2.0149393005493113,1.2180735031911314,1.948343247959491,1.7925212402944708,1.1152929204811288,0.30599791900458756,-0.12073531796361392,0.6904816223533179,0
-1.3930060112044205,1.5883023259264701,0.6301875585464703,2.162099492745802,-0.4823551254253601,3.527599443048373,-3.184754497997187,5.813529378373112,0.37560562725927477,-5.4176353476872,1
-3.255255922792936,3.3342585714832773,-1.6677889931702201,-0.7296954019112181,2.7422569526936886,-0.34820020276378005,2.5934142794439676,-0.9596748210302442,-1.2943658142503853,-1.971141858979421,1
-5.075468282578898,-0.2843275887415375,-2.448270314875718,1.0524357984729311,-1.9010788688674398,4.24853247235379,-1.2267140815722046,-1.399050321540334,-1.2203730555079928,3.1576632268964446,0
-0.051902317422387656,2.5732888864668535,2.1697602975405634,1.2070403784674992,1.0994815201958277,-0.9090410041334642,0.23501834941929756,0.8031589475959601,0.016026119965008925,0.35597154998059427,1
-1.0520826729942976,3.0513349814706356,-1.1301017037331351,-0.3424769846954233,2.062506002068341,-0.33584194967355485,-2.9165360405381504,-1.5876112887862153,-1.339708226861406,0.7750463500118746,1
-0.5989983825554573,-0.5400039310831933,-1.5054005586051222,0.7525161965268768,0.33186255845598017,-1.6396253270339594,-1.293845748222207,-0.8424092560838871,0.8237886770013524,-0.7375805078823545,1
-2.1483525759426043,1.400564152298217,-1.3510629195869588,-0.17115741145126986,-1.6015526617956555,2.6006624583128803,0.8605123874694698,-1.179944904685625,1.6405004606695592,1.7672434370453625,0
-0.6647005476253025,1.7550356471300546,0.2597502618888111,1.0382911028643746,4.0709625373304315,3.5696543972946566,-1.8538753356754878,0.6573609434962249,1.6934655135661942,-1.9662626740582145,1
-0.18419246274945864,1.3363917681051873,-1.0465308255549486,0.038156733904229204,1.8498825687762819,3.0352943857046415,-5.0545425043469985,3.9181906965376085,1.4762574795464134,-4.316126261346922,1
-3.3426775979019068,2.8614176349669256,0.04814804020297658,-3.2643206407297924,1.8934056950076588,0.5870602156802622,2.643896752353267,0.6143513094510576,0.7736411786401147,0.4177173582840761,0
-1.4801586833399298,1.1607497781290863,0.6765492420771471,0.2985108490676501,-0.19885533100378433,-1.6905258438271429,2.2730076935834034,-0.8287176062504326,-2.5155725953532033,0.7047355009058561,1
-1.3988908000510236,1.3359832071444693,-0.3303423785306827,-2.493439108591237,2.9126096909469186,2.4040306382796857,-0.042657335211284564,0.9598785849177294,-0.5335072992168848,0.04301346353223308,1
0.20110928694884345,-0.3073768529023563,0.8646659331333323,-0.21509165011506542,0.88945846475852,0.7988791685174189,-0.7353986512879976,-1.6149693908432017,2.3687273746256716,-0.6093311750288182,1
0.3432351666437663,-1.0878335687012148,-3.2007591729315807,-0.2083876349850457,-0.06684348175882748,-0.8619963434252702,-4.463627211889652,-0.5143150633508983,-0.8244908010331908,-0.6250724509683605,1
1.1965174875574243,0.5080920979690915,-4.077664785140132,-0.027591335631883096,1.0598777723500532,-0.05361393727613112,2.3079102890937433,-1.1665563987609258,0.5867335060360617,-1.4802124321872072,0
-0.5562736254227221,1.9629054446066518,-1.1786456720488698,-0.042195772810502824,-0.4128680898896927,-1.7257537387840336,-0.4601530701228118,-1.353157319788306,-0.6910717151106162,-1.0534081460408293,1
-4.148163751007802,1.746174387941467,-0.040494119165138086,-0.08758213962086965,3.155896725931676,-2.768635779218676,3.0774280675207666,0.6466988602886256,1.6448613557662106,-2.003512639481663,0
1.7613510644941726,0.06924499259085792,-2.637173932140399,0.2174171026424062,0.7292518348877476,-1.0622821131583642,-0.8801682117136107,-2.1948692833296652,0.28602189937470496,-3.287315865813718,1
-1.291214820378623,-0.5695429501187909,1.0166875521493361,0.14963549226303052,2.636321746378237,-3.3437878661764557,1.0560314210862516,0.3449317674797605,-0.2843655480142837,-0.8519868550388703,0
-1.3829564751541101,0.1726419293228798,-0.9146152624892351,0.9382635002350059,-1.9121309274247826,-1.0824039805177605,-0.5141034243688803,1.2796036396881718,-0.3734534221455839,-0.6084158159855599,0
-0.5527597026458919,3.489975236724241,1.5744287282186982,-1.2466467794706118,1.0697074774255493,1.5419915549012966,-2.9963896608974676,4.118677363111491,-0.7815515109240687,-2.6234803383831404,1
1.2629020256315853,0.1859201206907095,-0.5167160215190649,-0.1595907558259898,-1.315143563267732,0.11357904183221879,-1.8999960390617532,2.1930818554077574,-0.7157094534709632,0.46616808332916726,0
-2.9865492201159483,0.1385356399593511,0.24958382905870674,0.14353569453436182,-0.5099523986735637,0.9590261433841055,-3.17172427051126,2.551324529130439,0.7260734144995082,2.299484476784837,0
2.137391878248834,1.856034350834241,0.10087482008751836,-1.8500951134658652,-1.219649630881773,-0.49613971010585645,-0.5381946343959416,4.352890245816306,-0.05025033247179478,-1.0138006867815421,0
-5.172773896472245,3.5784478631858487,-2.3064522144274777,-1.0126762197795027,2.2815666254055795,-1.7938619674422143,2.603377430191737,0.8527562079160438,-1.5912922413345474,-3.432611228847733,0
-3.5629055329741663,1.7213320111309267,-1.0227900073535272,0.3374434038028612,-1.576445309950555,0.24300432234841696,-2.0815233638847173,3.9437277939459316,-0.3792704410042384,-2.0355995132870346,1
0.2909122435931104,1.8958832761584306,3.022060215442259,1.10914446793609,-0.3870508200369476,-2.6119879454294326,1.1079450138051197,-1.9374175503553301,0.7173229211401349,-1.657581223293446,0
-2.6211033902615375,1.096719525331217,-1.089410656561009,-0.7929433324778719,0.925246563552449,-0.9032256409017415,-0.19366938631656633,2.9305837263605636,-0.4685584262489965,0.7643230355307273,0
2.064765116669898,-2.7201196740130587,1.5443398377007205,-1.5575750892455553,2.5654549749022753,-4.208488345949925,2.894803351995541,0.9080420364875168,-1.6938587017169047,-6.152720531607104,0
-2.636381744955389,1.3834320402362408,1.718300181947627,0.21107903142152712,-1.3925220084885501,2.0203919447580194,-0.5953102715259868,0.4722931616655492,1.811062679340857,4.762029190448701,0
-0.6349294571082141,0.43882753992597967,0.06362355163587319,0.4615697616696904,1.709550635834336,-0.3467600471299128,1.6004371103141106,1.8365282104752854,-0.8068658626615546,2.4055927167050477,0
-0.5884118877841072,1.449675539626361,-1.2980427155473342,-0.30331948834009814,1.5228651290636168,-0.01861969969684378,-2.797166724628795,0.06852036643604609,2.3583828721809432,1.3105256287566733,1
0.354938193504457,-0.2657307087370221,-0.12848584925422096,-0.014551040152994812,-0.6865709832307407,1.2017756042854222,-1.672485747389226,0.48374411742565526,0.4117914634430906,-1.780905477799791,1
-0.340442173613713,0.1577663834882078,-0.7872911034948268,2.1243135336621277,0.01014686145228813,-2.252590448851144,-0.6133147357516382,-0.5069694421991273,1.8916650310477319,-2.1313733452940364,1
-2.586625207052026,0.6797706442944209,2.7455731945771396,-0.2080978680687967,0.578962312769179,1.5080236370143907,0.22268130067786235,1.8829873177463772,0.23808314047829304,-0.9578779359047764,1
-2.0807620832689655,2.4397873709920628,0.3834089545716008,-0.19181109629435572,1.3238564673533129,-3.555304072510713,1.9126094358970822,0.7474272843120602,0.27495818095141994,-2.144872355683671,0
-4.446414071983322,-0.004709431206712633,-0.8151584916792287,-0.22945631041347792,-2.118966733002024,2.572202972909918,-0.8892796879905552,0.030302855699876008,-0.8399753936756033,1.766099044668151,0
-1.9242779005882653,2.11881021503532,3.6872881489971947,-1.7552695409795733,3.2994078319889084,0.15417887375030936,1.7709372506892387,4.247340161291593,-1.0092683298213267,-0.5534855886745053,1
-0.7097111997648538,-0.751006773242167,-1.2443819548972073,-0.2155910463947618,-1.582209870916922,0.4437541438267236,-0.47125055838691304,1.4925737840470705,0.41070787657608016,0.525368141366883,1
-0.9538414205748316,2.614731062474188,-0.2261638410177489,0.42945699187669595,0.8188749792983696,-0.6406057023637581,-3.345240169122673,0.346014198331905,1.6851981436212997,3.4081549839214698,1
-0.3814441988420124,-0.6746910264258592,0.40702665936244115,-1.2033663106222354,1.80544776471367,3.84368622034967,-1.5649151181477192,1.9527152847541944,-0.17180087317136516,-3.0177545420816307,1
0.42280175665047093,-0.14979779312912384,-2.9301625472028,1.7261023610398964,-1.372075574721231,1.8290948573644725,1.1013135108438694,2.217428285890745,-0.9337138338387945,0.15135834436171064,0
-2.0204189461897726,1.0881019367300366,2.025523073657827,-1.1199717796397968,1.8700224643764092,-1.8342131311082241,-3.434841956215632,3.8543281483396625,-0.3979043211334795,2.275740651751239,0
-3.873018549204164,-0.24443502488596358,-1.2164606182378161,-1.2364615307421607,1.4724764073690213,-1.068742394431776,-2.0236762504265107,-1.0109660139947445,-1.268700752820601,-0.9273374608344543,1
-2.0416806104727927,2.1210575752797403,2.7101026269082285,0.257763198058373,2.2017532761285556,-0.6845700725188275,-0.3793245043774956,2.756915418838757,1.551434292825274,-1.2762943661775674,1
-3.8344225807239765,-1.1117363796930957,-1.490271520169247,0.09004261344838901,-1.801396233964957,3.2076761477418603,-1.7986645830870585,0.34352032057187953,0.05714806396336568,4.187325330089589,0
0.8846808055372801,3.7266244890017317,2.6568255288447493,0.5296486250466029,-2.0368153843856867,4.31619039835625,-0.05807474808258867,-0.46033609187835967,1.4166007837070835,-0.7269787390943319,0
-2.6310312459751515,2.2160785860278964,-2.483584040255792,0.4654848666837891,0.4222652899657475,0.5119348910867212,2.032793542137449,-1.1166502676552557,0.5056651708929071,0.4040894091538332,0
1.9681531055264843,1.629158287337226,1.8119750906686078,-3.0006998213943987,0.026117266951044216,-4.0615827067445265,-1.0019794558924469,-2.07459347206901,-1.767897869718121,-3.1317248672212483,0
0.523205966163527,0.0952115277862446,-0.6155516718085876,-0.5250755520537167,-3.047130902863506,-2.201361606484981,-2.0311769638913124,-1.5896102259491436,-0.247534209070004,-2.099972559318001,1
0.6616068407965824,-0.3825794049109922,1.3772968191754764,-0.4029994520634332,1.5460225344959553,1.1225756996821614,3.4642658932535375,2.7195788676808377,1.5923118391884608,-2.3899144572010442,0
-1.6115103836800089,0.923048234385512,1.294890357582701,-0.9381323957128089,1.2603725095205922,-1.8369713140358033,1.2490719788152302,1.5077356351834197,-0.8428358322651129,1.8017500335103085,0
-1.316461320416571,-0.27166830615608506,-3.1005842552981067,-1.1126340056701018,0.6014438597675805,0.5817821778255492,-1.72252425270349,3.80220905066633,-1.8739172706907494,1.1794965156365473,0
-2.8647844638779656,1.337211203030889,-0.4695068429622403,0.8600043041424794,2.5868746707295447,0.29374920556259615,0.5600356519457363,-1.2602917896599264,-0.22182990697687216,-1.9555917821680184,1
-2.051509417402954,3.0019789078973322,-0.10181650339004061,-1.1222524162132221,2.0797748015831004,-0.3678339119207996,-0.03689749583831613,-2.364289331458972,2.0674652602281904,-1.8837121986306447,1
1.9114873180362741,-0.8957309227339579,2.141374253622536,1.2640051274241442,0.2836096163840958,-4.110512485306768,-0.6949339449195185,2.0593318751419627,-0.2566204612933153,0.11479663699186131,0
-2.5497363243636317,0.12234053574601077,0.11075436476768419,-2.090238672543324,1.680204811127516,-0.4551991727457938,1.6611555476381799,2.6992401446124674,-0.9439005603807642,-0.28501635374214945,0
-3.63658756552502,1.255823152083279,-1.3054311358651014,1.166394442681252,-2.646637578505853,1.9431613760751423,-5.9856522960404694,0.005778827831443567,-1.2059935010430514,-0.46004754178313245,0
-0.732282889876956,-1.348333312239911,-2.4873326495487023,0.6249304459534372,0.12016622001218652,-1.387672598913891,-2.109503753442364,-0.6261071847847308,0.5051805448256651,-2.90521894472587,1
-2.863030308438462,2.3734060483672983,-0.4362971689826556,-0.8307465720806015,3.0011395329688084,-2.253140345589919,1.6654194869258367,-1.3074565902763373,-0.7789843390196981,-2.4349118508213814,0
-1.5242162083710087,-0.24863263792079537,-1.0432427337855075,0.8788644914855183,-0.11785705689876369,-1.133956972770249,-4.983412474673811,-0.3393302612103252,-0.49258582188807704,-0.34504709250273763,1
-1.7222447037416797,1.8253636264239743,1.1024688604229573,0.2675658821345618,-1.4289586088608832,0.03361538007425979,-2.232759222995205,1.7553703632450888,-0.09059462202253449,3.5419221785453248,0
-1.8886610837781619,-1.279910051514186,0.7497068704423763,-1.1118415837949143,2.1324436720789794,-3.445935554112667,1.5661372268348643,1.6512597182733362,-0.8808274078822944,0.4371427302086781,0
0.11820926616681841,1.6712586624474626,1.3954416702666816,-0.9574981850077153,0.3182169760836457,0.09284320235714372,-3.185928227850049,1.1455410541419353,-1.2943363648587933,-2.410604811574657,1
-0.1172100633620734,-1.1640993717295984,1.6127436874369712,-0.4889428749772665,1.114614882005149,-1.8412394113943327,1.5197680546050498,-1.4902145878586717,-0.25811587640570355,-2.1780864210328534,0
1.5296664896407446,0.5955061781667846,3.4764134575303847,-0.1152731768384556,-1.6829668678829415,-0.007340204623344948,0.8156209890401153,-1.662425322874864,-0.17398400002052777,-3.066994394635841,0
-1.656913524652234,0.9630676746875413,0.8352984089414902,-0.48440957582238514,1.281381749380939,-1.193451749523722,-1.8339315996377923,-1.274987680269343,0.20684004032317083,-1.7610948537064555,1
-0.05694017685447761,2.673371285755512,0.013130053305978828,-0.908203826137352,2.4835190189366383,2.753172517061724,-2.4938832677985907,1.9099671000732275,-0.30295661664357465,-1.8175299629645942,1
-4.374997970010243,0.17094220729320286,1.2077872229567483,0.49387152099241927,0.7124573856463334,0.004748759407355363,2.789682551371634,-1.5490322804992886,0.3228874331011161,0.05028766043961941,1
-2.199842665998625,1.6225990104961188,1.8708760763094687,-3.6898658038837304,2.8324913536117595,1.337730465436885,3.019453719456856,1.891096578971991,-0.795676583864881,0.5620501380290777,0
-0.7634906650524182,-0.7318172350173613,-0.5502110652433481,0.02715810161078014,1.3252341180773304,-1.4357023402323392,2.1699840739972607,2.939063003284759,0.119524724250055,-2.3633924975603544,0
-0.8694228970416364,0.633117256076066,1.533393932466348,0.3400131701696846,1.6518558090142612,-4.489266486522641,1.9387108172646583,-3.0281934075523744,-0.22574664408615402,-3.1085327081483394,0
-3.5125699230456777,1.1672099736886359,-0.22647179643552579,-0.20180370431786332,3.777736034314437,-0.6720907387478658,1.5914727087701472,2.439825108029845,0.5701199800534607,-1.3849414357343615,0
-1.7262457150183244,-0.10452868445652647,-0.029953376821095085,-2.7940005342031284,2.199714788261633,0.055383474319934234,1.3738989068392837,1.6923547818239475,-0.14607822215710553,-1.0916852757326505,0
-0.7246247368735927,0.9773224799870015,1.6359101531889255,-1.4963271187217153,1.4310129896298265,-1.352186618663008,2.096367405076852,0.09509383016001127,0.19036255136579355,-1.3092848732722706,0
-1.3732281227437284,1.6060073408428228,-2.0307553732617563,0.3914777395532142,2.0119990422184526,-2.0674586840596487,0.5872077278572401,-1.1219856175384941,1.1358009202821893,-3.049053664039697,1
0.20496102631685365,1.6684693455633202,0.753404391597732,-0.2895462505406682,-0.9892875010636444,-0.7714797599280202,-1.3305799905879563,1.464585799746254,-0.6063097096942084,-0.7474417107872542,1
-3.5881854108503446,5.322758871917348,-5.0611481073633025,-1.724920089456742,-2.8263549446235965,4.404980068389991,1.1794005359982955,-3.186136230295831,1.1928260613889776,0.8996605997083635,0
-1.4964619082960182,1.7565238023164684,0.2294498159613908,0.7131338945858443,1.1360559367260739,1.2400316557976696,-1.975595831094657,0.8633207417872003,-0.1269257742381475,-0.5088934635358742,1
-2.855516919688264,4.0072407317470615,-0.12211043791969271,1.1100834496827403,2.318648348802591,0.37174594266320815,1.596081085120866,-2.5694932193458944,0.407338475615181,-1.8949600543161609,1
-2.1173174141084696,0.5301950290912956,-1.9855918413172795,1.7696472618305066,2.9342191999360976,-4.23002104354168,1.1066011211204587,2.030178560735263,0.2769738628119767,-3.7710323138483948,0
-0.7786161531444722,0.5210789345396016,-0.9376924595569449,1.6616383415112652,-0.5473204029778829,-0.4047135886135594,0.9081436230094784,1.310919298543049,-0.19040015804985339,0.9046066491623748,0
